code_name, tr_1yr_vol
CME_NQ1,0.22424846681096675
CME_NQ2,0.2218577857685116
