code_name, tr_1yr_vol
CME_ES1,0.16443280344181432
CME_ES2,0.16285853310676215
CME_ES3,0.16329241248156995
CME_ES4,0.16306695366949453
