code_name, ann_vol
CME_CL1,0.3782472231416219
CME_CL2,0.3367660992693855
CME_CL3,0.3160926808453774
CME_CL4,0.3022044197655697
