code_name, tr_1yr_vol
CME_NG1,0.5290418605546615
CME_NG2,0.4983728604136707
CME_NG3,0.48473089630474175
CME_NG4,0.529835317381529
