code_name, ann_vol
CME_NG1,0.5650552682752835
CME_NG2,0.49955685847580583
CME_NG3,0.4469644657443433
CME_NG4,0.39386359508063445
