code_name, ann_vol
CME_GC1,0.20657791754251123
CME_GC2,0.19361273976588836
CME_GC3,0.19482655293143833
CME_GC4,0.20010911553140906
